<Customization level="0" description="" product-version="17.202">
    <Graph ClassName="PopulateUsrNumbers" Source="#CDATA" IsNew="True" FileType="NewFile">
        <CDATA name="Source"><![CDATA[using System;
using PX.Data;
using Customization;

namespace PXInventoryLabelReportExtPkg
{
    //Customization plugin is used to execute custom actions after customization project was published	
    public class PopulateUsrNumbers : CustomizationPlugin
    {
        //This method executed after customization was published and website was restarted.	
        public override void UpdateDatabase()
        {
            //Where 1000 could be max possible value for unit per item - adjust as per your need
            int iNumberOfLabels = 1000;
            UsrNumbers usrNumberMax = PXSelectGroupBy<UsrNumbers, Aggregate<Max<UsrNumbers.number>>>.Select(new PXGraph());

            if (usrNumberMax != null)
            {
                for (int i = (usrNumberMax.Number.GetValueOrDefault(0) + 1); i <= iNumberOfLabels; i++)
                {
                    PXDatabase.Insert<UsrNumbers>(new PXDataFieldAssign<UsrNumbers.number>(i));
                }
            }
        }
    }
}]]></CDATA>
    </Graph>
    <Graph ClassName="UsrNumbers" Source="#CDATA" IsNew="True" FileType="NewFile">
        <CDATA name="Source"><![CDATA[using System;
using PX.Data;

namespace PXInventoryLabelReportExtPkg
{
    [Serializable]
    public class UsrNumbers : IBqlTable
    {
        #region Number
        [PXDBInt(IsKey = true)]
        [PXUIField(DisplayName = "Number")]
        public virtual int? Number { get; set; }
        public abstract class number : IBqlField { }
        #endregion
    }
}]]></CDATA>
    </Graph>
    <Report Name="in619201.rpx">
        <Report Name="report1">
            <DrawGrid>False</DrawGrid>
            <Filters>
                <FilterExp>
                    <DataField>RowINRegister.RefNbr</DataField>
                    <Value>@RefNbr</Value>
                </FilterExp>
                <FilterExp>
                    <DataField>RowINRegister.DocType</DataField>
                    <Value>@DocType</Value>
                </FilterExp>
            </Filters>
            <GridSize>4px, 4px</GridSize>
            <NavigationTree>False</NavigationTree>
            <Parameters>
                <ReportParameter>
                    <DefaultValue>='R'</DefaultValue>
                    <Name>DocType</Name>
                    <Visible>False</Visible>
                </ReportParameter>
                <ReportParameter>
                    <Name>RefNbr</Name>
                    <Nullable>True</Nullable>
                    <Prompt>Receipt Ref. Number</Prompt>
                    <Required>True</Required>
                    <ViewName>=Report.GetFieldSchema('RowINRegister.RefNbr,DocType')</ViewName>
                </ReportParameter>
            </Parameters>
            <Relations>
                <ReportRelation>
                    <ChildName>RowINTran</ChildName>
                    <JoinType>Inner</JoinType>
                    <Links>
                        <RelationRow>
                            <ChildField>DocType</ChildField>
                            <ParentField>DocType</ParentField>
                        </RelationRow>
                        <RelationRow>
                            <ChildField>RefNbr</ChildField>
                            <ParentField>RefNbr</ParentField>
                        </RelationRow>
                    </Links>
                    <ParentName>RowINRegister</ParentName>
                </ReportRelation>
                <ReportRelation>
                    <ChildName>RowInventoryItem</ChildName>
                    <JoinType>Inner</JoinType>
                    <Links>
                        <RelationRow>
                            <ChildField>InventoryID</ChildField>
                            <ParentField>InventoryID</ParentField>
                        </RelationRow>
                    </Links>
                    <ParentName>RowINTran</ParentName>
                </ReportRelation>
                <ReportRelation>
                    <ChildName>RowINTranSplit</ChildName>
                    <Links>
                        <RelationRow>
                            <ChildField>DocType</ChildField>
                            <ParentField>DocType</ParentField>
                        </RelationRow>
                        <RelationRow>
                            <ChildField>RefNbr</ChildField>
                            <ParentField>RefNbr</ParentField>
                        </RelationRow>
                        <RelationRow>
                            <ChildField>LineNbr</ChildField>
                            <ParentField>LineNbr</ParentField>
                        </RelationRow>
                    </Links>
                    <ParentName>RowINTran</ParentName>
                </ReportRelation>
                <ReportRelation>
                    <ChildName>RowINSite</ChildName>
                    <JoinType>Inner</JoinType>
                    <Links>
                        <RelationRow>
                            <ChildField>SiteID</ChildField>
                            <ParentField>SiteID</ParentField>
                        </RelationRow>
                    </Links>
                    <ParentName>RowINTran</ParentName>
                </ReportRelation>
                <ReportRelation>
                    <ChildName>UsrNumbers</ChildName>
                    <JoinType>Inner</JoinType>
                    <Links>
                        <RelationRow>
                            <ChildField>Number</ChildField>
                            <Condition>GreaterOrEqual</Condition>
                            <ParentField>Qty</ParentField>
                        </RelationRow>
                    </Links>
                    <ParentName>RowINTranSplit</ParentName>
                </ReportRelation>
            </Relations>
            <SchemaUrl>http://localhost/ACM2017R2H1/</SchemaUrl>
            <StylesTemplate>TemplateReport.rpx</StylesTemplate>
            <Tables>
                <ReportTable Name="RowInventoryItem">
                    <Fields>
                        <ReportField Name="InventoryID">
                            <DataType>Int32</DataType>
                        </ReportField>
                        <ReportField Name="InventoryCD">
                        </ReportField>
                        <ReportField Name="Descr">
                        </ReportField>
                        <ReportField Name="ItemClassID">
                        </ReportField>
                        <ReportField Name="ItemStatus">
                        </ReportField>
                        <ReportField Name="ItemType">
                        </ReportField>
                        <ReportField Name="ValMethod">
                        </ReportField>
                        <ReportField Name="TaxCategoryID">
                        </ReportField>
                        <ReportField Name="BaseUnit">
                        </ReportField>
                        <ReportField Name="SalesUnit">
                        </ReportField>
                        <ReportField Name="PurchaseUnit">
                        </ReportField>
                        <ReportField Name="Commisionable">
                            <DataType>Boolean</DataType>
                        </ReportField>
                        <ReportField Name="ReasonCodeSubID">
                        </ReportField>
                        <ReportField Name="ExpenseAccountID">
                        </ReportField>
                        <ReportField Name="ExpenseSubID">
                        </ReportField>
                        <ReportField Name="SalesAcctID">
                        </ReportField>
                        <ReportField Name="SalesSubID">
                        </ReportField>
                        <ReportField Name="InvtAcctID">
                        </ReportField>
                        <ReportField Name="InvtSubID">
                        </ReportField>
                        <ReportField Name="COGSAcctID">
                        </ReportField>
                        <ReportField Name="COGSSubID">
                        </ReportField>
                        <ReportField Name="DiscAcctID">
                        </ReportField>
                        <ReportField Name="DiscSubID">
                        </ReportField>
                        <ReportField Name="StdCstRevAcctID">
                        </ReportField>
                        <ReportField Name="StdCstRevSubID">
                        </ReportField>
                        <ReportField Name="StdCstVarAcctID">
                        </ReportField>
                        <ReportField Name="StdCstVarSubID">
                        </ReportField>
                        <ReportField Name="PPVAcctID">
                        </ReportField>
                        <ReportField Name="PPVSubID">
                        </ReportField>
                        <ReportField Name="LastSiteID">
                            <DataType>Int32</DataType>
                        </ReportField>
                        <ReportField Name="LastStdCost">
                            <DataType>Decimal</DataType>
                        </ReportField>
                        <ReportField Name="PendingStdCost">
                            <DataType>Decimal</DataType>
                        </ReportField>
                        <ReportField Name="PendingStdCostDate">
                            <DataType>DateTime</DataType>
                        </ReportField>
                        <ReportField Name="StdCost">
                            <DataType>Decimal</DataType>
                        </ReportField>
                        <ReportField Name="StdCostDate">
                            <DataType>DateTime</DataType>
                        </ReportField>
                        <ReportField Name="LastBasePrice">
                            <DataType>Decimal</DataType>
                        </ReportField>
                        <ReportField Name="PendingBasePrice">
                            <DataType>Decimal</DataType>
                        </ReportField>
                        <ReportField Name="PendingBasePriceDate">
                            <DataType>DateTime</DataType>
                        </ReportField>
                        <ReportField Name="BasePrice">
                            <DataType>Decimal</DataType>
                        </ReportField>
                        <ReportField Name="BasePriceDate">
                            <DataType>DateTime</DataType>
                        </ReportField>
                        <ReportField Name="LastCost">
                            <DataType>Decimal</DataType>
                        </ReportField>
                        <ReportField Name="AvgCost">
                            <DataType>Decimal</DataType>
                        </ReportField>
                        <ReportField Name="MinCost">
                            <DataType>Decimal</DataType>
                        </ReportField>
                        <ReportField Name="MaxCost">
                            <DataType>Decimal</DataType>
                        </ReportField>
                        <ReportField Name="DfltShipLocationID">
                        </ReportField>
                        <ReportField Name="DfltReceiptLocationID">
                        </ReportField>
                        <ReportField Name="DfltSiteID">
                        </ReportField>
                        <ReportField Name="ProductWorkgroupID">
                        </ReportField>
                        <ReportField Name="ProductManagerID">
                        </ReportField>
                        <ReportField Name="PriceWorkgroupID">
                        </ReportField>
                        <ReportField Name="PriceManagerID">
                        </ReportField>
                        <ReportField Name="StkItem">
                            <DataType>Boolean</DataType>
                        </ReportField>
                        <ReportField Name="LotSerClassID">
                        </ReportField>
                        <ReportField Name="LotSerNumVal">
                        </ReportField>
                        <ReportField Name="PostClassID">
                        </ReportField>
                        <ReportField Name="DeferredCode">
                        </ReportField>
                        <ReportField Name="CreatedByID">
                        </ReportField>
                        <ReportField Name="CreatedByScreenID">
                        </ReportField>
                        <ReportField Name="CreatedDateTime">
                            <DataType>DateTime</DataType>
                        </ReportField>
                        <ReportField Name="LastModifiedByID">
                        </ReportField>
                        <ReportField Name="LastModifiedByScreenID">
                        </ReportField>
                        <ReportField Name="LastModifiedDateTime">
                            <DataType>DateTime</DataType>
                        </ReportField>
                        <ReportField Name="GroupMask">
                            <DataType>Byte</DataType>
                        </ReportField>
                        <ReportField Name="tstamp">
                            <DataType>Byte</DataType>
                        </ReportField>
                    </Fields>
                </ReportTable>
                <ReportTable Name="RowINRegister">
                    <Fields>
                        <ReportField Name="Selected">
                            <DataType>Boolean</DataType>
                        </ReportField>
                        <ReportField Name="DocType">
                        </ReportField>
                        <ReportField Name="RefNbr">
                        </ReportField>
                        <ReportField Name="SiteID">
                        </ReportField>
                        <ReportField Name="ToSiteID">
                        </ReportField>
                        <ReportField Name="TranDesc">
                        </ReportField>
                        <ReportField Name="Released">
                            <DataType>Boolean</DataType>
                        </ReportField>
                        <ReportField Name="Hold">
                            <DataType>Boolean</DataType>
                        </ReportField>
                        <ReportField Name="Status">
                        </ReportField>
                        <ReportField Name="TranDate">
                            <DataType>DateTime</DataType>
                        </ReportField>
                        <ReportField Name="FinPeriodID">
                        </ReportField>
                        <ReportField Name="TranPeriodID">
                        </ReportField>
                        <ReportField Name="LineCntr">
                            <DataType>Int16</DataType>
                        </ReportField>
                        <ReportField Name="TotalQty">
                            <DataType>Decimal</DataType>
                        </ReportField>
                        <ReportField Name="TotalAmount">
                            <DataType>Decimal</DataType>
                        </ReportField>
                        <ReportField Name="ControlQty">
                            <DataType>Decimal</DataType>
                        </ReportField>
                        <ReportField Name="ControlAmount">
                            <DataType>Decimal</DataType>
                        </ReportField>
                        <ReportField Name="BatchNbr">
                        </ReportField>
                        <ReportField Name="CreatedByID">
                        </ReportField>
                        <ReportField Name="CreatedByScreenID">
                        </ReportField>
                        <ReportField Name="CreatedDateTime">
                            <DataType>DateTime</DataType>
                        </ReportField>
                        <ReportField Name="LastModifiedByID">
                        </ReportField>
                        <ReportField Name="LastModifiedByScreenID">
                        </ReportField>
                        <ReportField Name="LastModifiedDateTime">
                            <DataType>DateTime</DataType>
                        </ReportField>
                        <ReportField Name="NoteID">
                            <DataType>Int64</DataType>
                        </ReportField>
                        <ReportField Name="tstamp">
                            <DataType>Byte</DataType>
                        </ReportField>
                    </Fields>
                </ReportTable>
                <ReportTable Name="RowINTran">
                    <Fields>
                        <ReportField Name="DocType">
                        </ReportField>
                        <ReportField Name="TranType">
                        </ReportField>
                        <ReportField Name="RefNbr">
                        </ReportField>
                        <ReportField Name="LineNbr">
                            <DataType>Int16</DataType>
                        </ReportField>
                        <ReportField Name="TranDate">
                            <DataType>DateTime</DataType>
                        </ReportField>
                        <ReportField Name="InventoryID">
                        </ReportField>
                        <ReportField Name="SubItemID">
                        </ReportField>
                        <ReportField Name="SiteID">
                        </ReportField>
                        <ReportField Name="LocationID">
                        </ReportField>
                        <ReportField Name="OrigTranType">
                        </ReportField>
                        <ReportField Name="OrigRefNbr">
                        </ReportField>
                        <ReportField Name="OrigLineNbr">
                            <DataType>Int16</DataType>
                        </ReportField>
                        <ReportField Name="AcctID">
                        </ReportField>
                        <ReportField Name="SubID">
                        </ReportField>
                        <ReportField Name="InvtAcctID">
                        </ReportField>
                        <ReportField Name="InvtSubID">
                        </ReportField>
                        <ReportField Name="COGSAcctID">
                        </ReportField>
                        <ReportField Name="COGSSubID">
                        </ReportField>
                        <ReportField Name="ToSiteID">
                        </ReportField>
                        <ReportField Name="ToLocationID">
                        </ReportField>
                        <ReportField Name="LotSerialNbr">
                        </ReportField>
                        <ReportField Name="ExpireDate">
                            <DataType>DateTime</DataType>
                        </ReportField>
                        <ReportField Name="InvtMult">
                            <DataType>Int16</DataType>
                        </ReportField>
                        <ReportField Name="UOM">
                        </ReportField>
                        <ReportField Name="UnitMultDiv">
                        </ReportField>
                        <ReportField Name="UnitRate">
                            <DataType>Decimal</DataType>
                        </ReportField>
                        <ReportField Name="Qty">
                            <DataType>Decimal</DataType>
                        </ReportField>
                        <ReportField Name="Released">
                            <DataType>Boolean</DataType>
                        </ReportField>
                        <ReportField Name="FinPeriodID">
                        </ReportField>
                        <ReportField Name="TranPeriodID">
                        </ReportField>
                        <ReportField Name="UnitPrice">
                            <DataType>Decimal</DataType>
                        </ReportField>
                        <ReportField Name="TranAmt">
                            <DataType>Decimal</DataType>
                        </ReportField>
                        <ReportField Name="UnitCost">
                            <DataType>Decimal</DataType>
                        </ReportField>
                        <ReportField Name="TranCost">
                            <DataType>Decimal</DataType>
                        </ReportField>
                        <ReportField Name="TranDesc">
                        </ReportField>
                        <ReportField Name="ReasonCode">
                        </ReportField>
                        <ReportField Name="BaseQty">
                            <DataType>Decimal</DataType>
                        </ReportField>
                        <ReportField Name="CostedQty">
                            <DataType>Decimal</DataType>
                        </ReportField>
                        <ReportField Name="OrigTranCost">
                            <DataType>Decimal</DataType>
                        </ReportField>
                        <ReportField Name="OrigTranAmt">
                            <DataType>Decimal</DataType>
                        </ReportField>
                        <ReportField Name="ARDocType">
                        </ReportField>
                        <ReportField Name="ARRefNbr">
                        </ReportField>
                        <ReportField Name="ARLineNbr">
                            <DataType>Int16</DataType>
                        </ReportField>
                        <ReportField Name="CreatedByID">
                        </ReportField>
                        <ReportField Name="CreatedByScreenID">
                        </ReportField>
                        <ReportField Name="CreatedDateTime">
                            <DataType>DateTime</DataType>
                        </ReportField>
                        <ReportField Name="LastModifiedByID">
                        </ReportField>
                        <ReportField Name="LastModifiedByScreenID">
                        </ReportField>
                        <ReportField Name="LastModifiedDateTime">
                            <DataType>DateTime</DataType>
                        </ReportField>
                        <ReportField Name="tstamp">
                            <DataType>Byte</DataType>
                        </ReportField>
                        <ReportField Name="SalesMult">
                            <DataType>Int16</DataType>
                        </ReportField>
                    </Fields>
                </ReportTable>
                <ReportTable Name="RowINTranSplit">
                    <Fields>
                        <ReportField Name="DocType">
                        </ReportField>
                        <ReportField Name="TranType">
                        </ReportField>
                        <ReportField Name="RefNbr">
                        </ReportField>
                        <ReportField Name="LineNbr">
                            <DataType>Int16</DataType>
                        </ReportField>
                        <ReportField Name="SplitLineNbr">
                            <DataType>Int16</DataType>
                        </ReportField>
                        <ReportField Name="TranDate">
                            <DataType>DateTime</DataType>
                        </ReportField>
                        <ReportField Name="InventoryID">
                        </ReportField>
                        <ReportField Name="SubItemID">
                        </ReportField>
                        <ReportField Name="CostSubItemID">
                            <DataType>Int32</DataType>
                        </ReportField>
                        <ReportField Name="CostSiteID">
                            <DataType>Int32</DataType>
                        </ReportField>
                        <ReportField Name="SiteID">
                        </ReportField>
                        <ReportField Name="LocationID">
                        </ReportField>
                        <ReportField Name="LotSerialNbr">
                        </ReportField>
                        <ReportField Name="LotSerClassID">
                        </ReportField>
                        <ReportField Name="AssignedNbr">
                        </ReportField>
                        <ReportField Name="ExpireDate">
                            <DataType>DateTime</DataType>
                        </ReportField>
                        <ReportField Name="InvtMult">
                            <DataType>Int16</DataType>
                        </ReportField>
                        <ReportField Name="Released">
                            <DataType>Boolean</DataType>
                        </ReportField>
                        <ReportField Name="UOM">
                        </ReportField>
                        <ReportField Name="Qty">
                            <DataType>Decimal</DataType>
                        </ReportField>
                        <ReportField Name="BaseQty">
                            <DataType>Decimal</DataType>
                        </ReportField>
                        <ReportField Name="PlanID">
                            <DataType>Int64</DataType>
                        </ReportField>
                        <ReportField Name="CreatedByID">
                        </ReportField>
                        <ReportField Name="CreatedByScreenID">
                        </ReportField>
                        <ReportField Name="CreatedDateTime">
                            <DataType>DateTime</DataType>
                        </ReportField>
                        <ReportField Name="LastModifiedByID">
                        </ReportField>
                        <ReportField Name="LastModifiedByScreenID">
                        </ReportField>
                        <ReportField Name="LastModifiedDateTime">
                            <DataType>DateTime</DataType>
                        </ReportField>
                        <ReportField Name="tstamp">
                            <DataType>Byte</DataType>
                        </ReportField>
                    </Fields>
                </ReportTable>
                <ReportTable Name="RowINSite">
                    <Fields>
                        <ReportField Name="SiteID">
                            <DataType>Int32</DataType>
                        </ReportField>
                        <ReportField Name="SiteCD">
                        </ReportField>
                        <ReportField Name="Descr">
                        </ReportField>
                        <ReportField Name="ReasonCodeSubID">
                        </ReportField>
                        <ReportField Name="SalesAcctID">
                        </ReportField>
                        <ReportField Name="SalesSubID">
                        </ReportField>
                        <ReportField Name="InvtAcctID">
                        </ReportField>
                        <ReportField Name="InvtSubID">
                        </ReportField>
                        <ReportField Name="COGSAcctID">
                        </ReportField>
                        <ReportField Name="COGSSubID">
                        </ReportField>
                        <ReportField Name="DiscAcctID">
                        </ReportField>
                        <ReportField Name="DiscSubID">
                        </ReportField>
                        <ReportField Name="StdCstRevAcctID">
                        </ReportField>
                        <ReportField Name="StdCstRevSubID">
                        </ReportField>
                        <ReportField Name="StdCstVarAcctID">
                        </ReportField>
                        <ReportField Name="StdCstVarSubID">
                        </ReportField>
                        <ReportField Name="PPVAcctID">
                        </ReportField>
                        <ReportField Name="PPVSubID">
                        </ReportField>
                        <ReportField Name="FreightAcctID">
                        </ReportField>
                        <ReportField Name="FreightSubID">
                        </ReportField>
                        <ReportField Name="MiscAcctID">
                        </ReportField>
                        <ReportField Name="MiscSubID">
                        </ReportField>
                        <ReportField Name="POAccrualAcctID">
                        </ReportField>
                        <ReportField Name="POAccrualSubID">
                        </ReportField>
                        <ReportField Name="CompanyLocationID">
                            <DataType>Int32</DataType>
                        </ReportField>
                        <ReportField Name="ReceiptLocationID">
                        </ReportField>
                        <ReportField Name="ShipLocationID">
                        </ReportField>
                        <ReportField Name="ReturnLocationID">
                        </ReportField>
                        <ReportField Name="LocationValid">
                        </ReportField>
                        <ReportField Name="AddressID">
                            <DataType>Int32</DataType>
                        </ReportField>
                        <ReportField Name="ContactID">
                            <DataType>Int32</DataType>
                        </ReportField>
                        <ReportField Name="CreatedByID">
                        </ReportField>
                        <ReportField Name="CreatedByScreenID">
                        </ReportField>
                        <ReportField Name="CreatedDateTime">
                            <DataType>DateTime</DataType>
                        </ReportField>
                        <ReportField Name="LastModifiedByID">
                        </ReportField>
                        <ReportField Name="LastModifiedByScreenID">
                        </ReportField>
                        <ReportField Name="LastModifiedDateTime">
                            <DataType>DateTime</DataType>
                        </ReportField>
                        <ReportField Name="tstamp">
                            <DataType>Byte</DataType>
                        </ReportField>
                        <ReportField Name="GroupMask">
                            <DataType>Byte</DataType>
                        </ReportField>
                        <ReportField Name="ReasonCodeSubID_Sub_description">
                        </ReportField>
                        <ReportField Name="ReasonCodeSubID_description">
                        </ReportField>
                        <ReportField Name="SalesAcctID_Account_description">
                        </ReportField>
                        <ReportField Name="SalesAcctID_description">
                        </ReportField>
                        <ReportField Name="SalesSubID_Sub_description">
                        </ReportField>
                        <ReportField Name="SalesSubID_description">
                        </ReportField>
                        <ReportField Name="InvtAcctID_Account_description">
                        </ReportField>
                        <ReportField Name="InvtAcctID_description">
                        </ReportField>
                        <ReportField Name="InvtSubID_Sub_description">
                        </ReportField>
                        <ReportField Name="InvtSubID_description">
                        </ReportField>
                        <ReportField Name="COGSAcctID_Account_description">
                        </ReportField>
                        <ReportField Name="COGSAcctID_description">
                        </ReportField>
                        <ReportField Name="COGSSubID_Sub_description">
                        </ReportField>
                        <ReportField Name="COGSSubID_description">
                        </ReportField>
                        <ReportField Name="DiscAcctID_Account_description">
                        </ReportField>
                        <ReportField Name="DiscAcctID_description">
                        </ReportField>
                        <ReportField Name="DiscSubID_Sub_description">
                        </ReportField>
                        <ReportField Name="DiscSubID_description">
                        </ReportField>
                        <ReportField Name="StdCstRevAcctID_Account_description">
                        </ReportField>
                        <ReportField Name="StdCstRevAcctID_description">
                        </ReportField>
                        <ReportField Name="StdCstRevSubID_Sub_description">
                        </ReportField>
                        <ReportField Name="StdCstRevSubID_description">
                        </ReportField>
                        <ReportField Name="StdCstVarAcctID_Account_description">
                        </ReportField>
                        <ReportField Name="StdCstVarAcctID_description">
                        </ReportField>
                        <ReportField Name="StdCstVarSubID_Sub_description">
                        </ReportField>
                        <ReportField Name="StdCstVarSubID_description">
                        </ReportField>
                        <ReportField Name="PPVAcctID_Account_description">
                        </ReportField>
                        <ReportField Name="PPVAcctID_description">
                        </ReportField>
                        <ReportField Name="PPVSubID_Sub_description">
                        </ReportField>
                        <ReportField Name="PPVSubID_description">
                        </ReportField>
                        <ReportField Name="FreightAcctID_Account_description">
                        </ReportField>
                        <ReportField Name="FreightAcctID_description">
                        </ReportField>
                        <ReportField Name="FreightSubID_Sub_description">
                        </ReportField>
                        <ReportField Name="FreightSubID_description">
                        </ReportField>
                        <ReportField Name="MiscAcctID_Account_description">
                        </ReportField>
                        <ReportField Name="MiscAcctID_description">
                        </ReportField>
                        <ReportField Name="MiscSubID_Sub_description">
                        </ReportField>
                        <ReportField Name="MiscSubID_description">
                        </ReportField>
                        <ReportField Name="POAccrualAcctID_Account_description">
                        </ReportField>
                        <ReportField Name="POAccrualAcctID_description">
                        </ReportField>
                        <ReportField Name="POAccrualSubID_Sub_description">
                        </ReportField>
                        <ReportField Name="POAccrualSubID_description">
                        </ReportField>
                        <ReportField Name="ReceiptLocationID_INLocation_descr">
                        </ReportField>
                        <ReportField Name="ReceiptLocationID_description">
                        </ReportField>
                        <ReportField Name="ShipLocationID_INLocation_descr">
                        </ReportField>
                        <ReportField Name="ShipLocationID_description">
                        </ReportField>
                        <ReportField Name="ReturnLocationID_INLocation_descr">
                        </ReportField>
                        <ReportField Name="ReturnLocationID_description">
                        </ReportField>
                        <ReportField Name="Secured">
                            <DataType>Boolean</DataType>
                        </ReportField>
                    </Fields>
                </ReportTable>
                <ReportTable Name="UsrNumbers">
                    <Fields>
                        <ReportField Name="Number">
                            <DataType>Int32</DataType>
                        </ReportField>
                    </Fields>
                    <FullName>PXInventoryLabelReportExtPkg.UsrNumbers</FullName>
                </ReportTable>
            </Tables>
            <Sections>
                <PageHeader Name="pageHeaderSection1">
                    <DrawGrid>True</DrawGrid>
                    <GridSize>8px, 8px</GridSize>
                    <Height>1.16402cm</Height>
                    <Items>
                        <Line Name="line1">
                            <Location>8px, 42px</Location>
                            <Size>668px, 1px</Size>
                        </Line>
                        <TextBox Name="textBox11">
                            <Location>8px, 0px</Location>
                            <Size>76px, 14px</Size>
                            <StyleName>Report Params</StyleName>
                            <Value>Company:</Value>
                        </TextBox>
                        <TextBox Name="textBox12">
                            <Location>90px, 0px</Location>
                            <Size>168px, 14px</Size>
                            <StyleName>Report Params</StyleName>
                            <Value>=Report.GetDefUI('RowCompanyBAccount.AcctName')</Value>
                        </TextBox>
                        <TextBox Name="textBox14">
                            <Location>536px, 0px</Location>
                            <Size>36px, 14px</Size>
                            <StyleName>Report Params</StyleName>
                            <Value>Date:</Value>
                        </TextBox>
                        <TextBox Name="textBox15">
                            <Location>536px, 14px</Location>
                            <Size>36px, 14px</Size>
                            <StyleName>Report Params</StyleName>
                            <Value>Page:</Value>
                        </TextBox>
                        <TextBox Name="textBox16">
                            <Location>8px, 14px</Location>
                            <Size>76px, 14px</Size>
                            <StyleName>Report Params</StyleName>
                            <Value>User:</Value>
                        </TextBox>
                        <TextBox Name="textBox17">
                            <Location>592px, 14px</Location>
                            <Size>84px, 14px</Size>
                            <Style>
                                <TextAlign>Right</TextAlign>
                            </Style>
                            <StyleName>Report Params</StyleName>
                            <Value>=[PageOf]</Value>
                        </TextBox>
                        <TextBox Name="textBox18">
                            <Location>90px, 14px</Location>
                            <Size>168px, 14px</Size>
                            <StyleName>Report Params</StyleName>
                            <Value>=Report.GetDefUI('RowAccessInfo.DisplayName')</Value>
                        </TextBox>
                        <TextBox Name="textBox19">
                            <Format>g</Format>
                            <Location>576px, 0px</Location>
                            <Size>100px, 14px</Size>
                            <Style>
                                <TextAlign>Right</TextAlign>
                            </Style>
                            <StyleName>Report Params</StyleName>
                            <Value>=Now()</Value>
                        </TextBox>
                        <TextBox Name="textBox9">
                            <Location>8px, 28px</Location>
                            <Size>206px, 14px</Size>
                            <StyleName>Report Name</StyleName>
                            <Value>Inventory Item Labels</Value>
                        </TextBox>
                    </Items>
                </PageHeader>
                <Detail Name="Details">
                    <DrawGrid>True</DrawGrid>
                    <GridSize>8px, 8px</GridSize>
                    <Height>1.69312cm</Height>
                    <Variables>
                        <ReportVariable>
                            <Name>IndexRow</Name>
                            <ValueExpr>=$IndexRow+1</ValueExpr>
                        </ReportVariable>
                    </Variables>
                    <VisibleExpr>=($IndexRow%2=1)</VisibleExpr>
                    <Items>
                        <Line Name="line2">
                            <LineStyle>Dotted</LineStyle>
                            <Location>8px, 63px</Location>
                            <Size>668px, 1px</Size>
                        </Line>
                        <Line Name="line3">
                            <Direction>Vertical</Direction>
                            <LineStyle>Dotted</LineStyle>
                            <Location>341px, 0px</Location>
                            <Size>1px, 64px</Size>
                        </Line>
                        <TextBox Name="textBox13">
                            <Location>204px, 0px</Location>
                            <Size>128px, 14px</Size>
                            <StyleName>Normal</StyleName>
                            <Value>=[RowINTran.LocationID]</Value>
                        </TextBox>
                        <TextBox Name="textBox2">
                            <Location>108px, 48px</Location>
                            <Size>224px, 14px</Size>
                            <StyleName>Normal</StyleName>
                            <Value>=[RowINTranSplit.LotSerialNbr]</Value>
                        </TextBox>
                        <TextBox Name="textBox20">
                            <Location>260px, 32px</Location>
                            <Size>72px, 14px</Size>
                            <StyleName>Normal</StyleName>
                            <Value>=[RowINRegister.TranDate]</Value>
                        </TextBox>
                        <TextBox Name="textBox23">
                            <Location>68px, 0px</Location>
                            <Size>96px, 14px</Size>
                            <StyleName>Normal</StyleName>
                            <Value>=[RowINTran.SiteID]</Value>
                        </TextBox>
                        <TextBox Name="textBox24">
                            <Location>164px, 0px</Location>
                            <Size>40px, 14px</Size>
                            <StyleName>Heading 1</StyleName>
                            <Value>Loc.:</Value>
                        </TextBox>
                        <TextBox Name="textBox25">
                            <Location>8px, 0px</Location>
                            <Size>60px, 14px</Size>
                            <StyleName>Heading 1</StyleName>
                            <Value>Wareh.:</Value>
                        </TextBox>
                        <TextBox Name="textBox26">
                            <Location>8px, 48px</Location>
                            <Size>100px, 14px</Size>
                            <StyleName>Heading 1</StyleName>
                            <Value>Lot/Ser. Nbr.:</Value>
                            <VisibleExpr>=[RowINTranSplit.LotSerialNbr] &lt;&gt; ''</VisibleExpr>
                        </TextBox>
                        <TextBox Name="textBox27">
                            <Location>220px, 32px</Location>
                            <Size>40px, 14px</Size>
                            <StyleName>Heading 1</StyleName>
                            <Value>Date:</Value>
                        </TextBox>
                        <TextBox Name="textBox28">
                            <Location>8px, 32px</Location>
                            <Size>128px, 14px</Size>
                            <StyleName>Heading 1</StyleName>
                            <Value>Receipt Ref. Nbr.:</Value>
                        </TextBox>
                        <TextBox Name="textBox29">
                            <Location>8px, 16px</Location>
                            <Size>60px, 14px</Size>
                            <StyleName>Heading 1</StyleName>
                            <Value>Inv. ID:</Value>
                        </TextBox>
                        <TextBox Name="textBox30">
                            <Location>604px, 32px</Location>
                            <Size>72px, 14px</Size>
                            <StyleName>Normal</StyleName>
                            <Value>=Next([RowINRegister.TranDate])</Value>
                        </TextBox>
                        <TextBox Name="textBox31">
                            <Location>496px, 16px</Location>
                            <Size>180px, 14px</Size>
                            <StyleName>Normal</StyleName>
                            <Value>=Next([RowInventoryItem.Descr])</Value>
                        </TextBox>
                        <TextBox Name="textBox32">
                            <Location>452px, 48px</Location>
                            <Size>224px, 14px</Size>
                            <StyleName>Normal</StyleName>
                            <Value>=Next([RowINTranSplit.LotSerialNbr])</Value>
                        </TextBox>
                        <TextBox Name="textBox33">
                            <Location>480px, 32px</Location>
                            <Size>84px, 14px</Size>
                            <StyleName>Normal</StyleName>
                            <Value>=Next([RowINTran.RefNbr])</Value>
                        </TextBox>
                        <TextBox Name="textBox34">
                            <Location>412px, 16px</Location>
                            <Size>84px, 14px</Size>
                            <StyleName>Normal</StyleName>
                            <Value>=Next([RowInventoryItem.InventoryCD])</Value>
                        </TextBox>
                        <TextBox Name="textBox35">
                            <Location>548px, 0px</Location>
                            <Size>128px, 14px</Size>
                            <StyleName>Normal</StyleName>
                            <Value>=Next([RowINTran.LocationID])</Value>
                        </TextBox>
                        <TextBox Name="textBox36">
                            <Location>412px, 0px</Location>
                            <Size>96px, 14px</Size>
                            <StyleName>Normal</StyleName>
                            <Value>=Next([RowINTran.SiteID])</Value>
                        </TextBox>
                        <TextBox Name="textBox37">
                            <Location>508px, 0px</Location>
                            <Size>40px, 14px</Size>
                            <StyleName>Heading 1</StyleName>
                            <Value>Loc.:</Value>
                        </TextBox>
                        <TextBox Name="textBox38">
                            <Location>352px, 0px</Location>
                            <Size>60px, 14px</Size>
                            <StyleName>Heading 1</StyleName>
                            <Value>Wareh.:</Value>
                        </TextBox>
                        <TextBox Name="textBox39">
                            <Location>352px, 48px</Location>
                            <Size>100px, 14px</Size>
                            <StyleName>Heading 1</StyleName>
                            <Value>Lot/Ser. Nbr.:</Value>
                            <VisibleExpr>=Next([RowINTranSplit.LotSerialNbr]) &lt;&gt; ''</VisibleExpr>
                        </TextBox>
                        <TextBox Name="textBox40">
                            <Location>564px, 32px</Location>
                            <Size>40px, 14px</Size>
                            <StyleName>Heading 1</StyleName>
                            <Value>Date:</Value>
                        </TextBox>
                        <TextBox Name="textBox41">
                            <Location>352px, 32px</Location>
                            <Size>128px, 14px</Size>
                            <StyleName>Heading 1</StyleName>
                            <Value>Receipt Ref. Nbr.:</Value>
                        </TextBox>
                        <TextBox Name="textBox42">
                            <Location>352px, 16px</Location>
                            <Size>60px, 14px</Size>
                            <StyleName>Heading 1</StyleName>
                            <Value>Inv. ID:</Value>
                        </TextBox>
                        <TextBox Name="textBox6">
                            <Location>136px, 32px</Location>
                            <Size>84px, 14px</Size>
                            <StyleName>Normal</StyleName>
                            <Value>=[RowINTran.RefNbr]</Value>
                        </TextBox>
                        <TextBox Name="textBox7">
                            <Location>68px, 16px</Location>
                            <Size>84px, 14px</Size>
                            <StyleName>Normal</StyleName>
                            <Value>=[RowInventoryItem.InventoryCD]</Value>
                        </TextBox>
                        <TextBox Name="textBox8">
                            <Location>152px, 16px</Location>
                            <Size>180px, 14px</Size>
                            <StyleName>Normal</StyleName>
                            <Value>=[RowInventoryItem.Descr]</Value>
                        </TextBox>
                    </Items>
                </Detail>
                <PageFooter Name="pageFooterSection1">
                    <DrawGrid>True</DrawGrid>
                    <GridSize>8px, 8px</GridSize>
                    <Height>0.21164cm</Height>
                    <Visible>False</Visible>
                </PageFooter>
                <PageHeader Name="pageHeaderSection2">
                    <DrawGrid>True</DrawGrid>
                    <GridSize>8px, 8px</GridSize>
                    <Height>0.84656cm</Height>
                    <Visible>False</Visible>
                    <Items>
                        <Panel Name="panel1">
                            <Location>8px, 0px</Location>
                            <Size>668px, 32px</Size>
                            <Style>
                                <BorderColor>
                                    <Bottom>Black</Bottom>
                                    <Top>Black</Top>
                                </BorderColor>
                                <BorderStyle>
                                    <Bottom>Solid</Bottom>
                                </BorderStyle>
                                <BorderWidth>
                                    <Bottom>1px</Bottom>
                                    <Top>1px</Top>
                                </BorderWidth>
                            </Style>
                            <Items>
                                <TextBox Name="textBox1">
                                    <Location>220px, 16px</Location>
                                    <Size>108px, 14px</Size>
                                    <StyleName>Heading 1</StyleName>
                                    <Value>Lot/Serial Nbr.</Value>
                                </TextBox>
                                <TextBox Name="textBox10">
                                    <Location>580px, 0px</Location>
                                    <Size>84px, 14px</Size>
                                    <StyleName>Heading 1</StyleName>
                                    <Value>Barcode</Value>
                                </TextBox>
                                <TextBox Name="textBox21">
                                    <Location>112px, 0px</Location>
                                    <Size>100px, 14px</Size>
                                    <StyleName>Heading 1</StyleName>
                                    <Value>Description</Value>
                                </TextBox>
                                <TextBox Name="textBox22">
                                    <Location>0px, 0px</Location>
                                    <Size>104px, 14px</Size>
                                    <StyleName>Heading 1</StyleName>
                                    <Value>Inventory ID</Value>
                                </TextBox>
                                <TextBox Name="textBox3">
                                    <Location>16px, 16px</Location>
                                    <Size>92px, 14px</Size>
                                    <StyleName>Heading 1</StyleName>
                                    <Value>Receipt Nbr.</Value>
                                </TextBox>
                                <TextBox Name="textBox4">
                                    <Location>112px, 16px</Location>
                                    <Size>104px, 14px</Size>
                                    <StyleName>Heading 1</StyleName>
                                    <Value>Receipt Date</Value>
                                </TextBox>
                                <TextBox Name="textBox5">
                                    <Location>328px, 16px</Location>
                                    <Size>132px, 14px</Size>
                                    <StyleName>Heading 1</StyleName>
                                    <Value>Location</Value>
                                </TextBox>
                            </Items>
                        </Panel>
                    </Items>
                </PageHeader>
            </Sections>
        </Report>
    </Report>
    <SiteMapNode>
        <data-set>
            <relations format-version="3" relations-version="20160101" main-table="SiteMap">
                <link from="MUIScreen (NodeID)" to="SiteMap (NodeID)" />
                <link from="MUIWorkspace (WorkspaceID)" to="MUIScreen (WorkspaceID)" type="FromMaster" linkname="workspaceToScreen" split-location="yes" updateable="True" />
                <link from="MUISubcategory (SubcategoryID)" to="MUIScreen (SubcategoryID)" type="FromMaster" updateable="True" />
                <link from="MUITile (ScreenID)" to="SiteMap (ScreenID)" />
                <link from="MUIWorkspace (WorkspaceID)" to="MUITile (WorkspaceID)" type="FromMaster" linkname="workspaceToTile" split-location="yes" updateable="True" />
                <link from="MUIArea (AreaID)" to="MUIWorkspace (AreaID)" type="FromMaster" updateable="True" />
                <link from="MUIPinnedScreen (NodeID, WorkspaceID)" to="MUIScreen (NodeID, WorkspaceID)" type="WeakIfEmpty" isEmpty="Username" />
                <link from="MUIFavoriteWorkspace (WorkspaceID)" to="MUIWorkspace (WorkspaceID)" type="WeakIfEmpty" isEmpty="Username" />
            </relations>
            <layout>
                <table name="SiteMap">
                    <table name="MUIScreen" uplink="(NodeID) = (NodeID)">
                        <table name="MUIPinnedScreen" uplink="(NodeID, WorkspaceID) = (NodeID, WorkspaceID)" />
                    </table>
                    <table name="MUITile" uplink="(ScreenID) = (ScreenID)" />
                </table>
                <table name="MUIWorkspace">
                    <table name="MUIFavoriteWorkspace" uplink="(WorkspaceID) = (WorkspaceID)" />
                </table>
                <table name="MUISubcategory" />
                <table name="MUIArea" />
            </layout>
            <data>
                <SiteMap>
                    <row Position="3" Title="Inventory Item Labels (Per Qty)" Url="~/Frames/ReportLauncher.aspx?ID=IN619201.rpx" Expanded="0" IsFolder="0" ScreenID="IN619201" NodeID="306a7838-4a36-42c7-8dc1-3a500d80cb3d" ParentID="249e4c62-b6a6-4a9e-9d38-b8d21e14b4e2" />
                </SiteMap>
            </data>
        </data-set>
    </SiteMapNode>
    <Sql TableName="UsrNumbers" TableSchemaXml="#CDATA">
        <CDATA name="TableSchemaXml"><![CDATA[<table name="UsrNumbers">
  <col name="Number" type="Int" />
  <index name="PK__UsrNumbe__78A1A19C352926CB" clustered="true" primary="true" unique="true">
    <col name="Number" />
  </index>
</table>]]></CDATA>
    </Sql>
</Customization>